{"cameraMode":{"drawMode":0,"name":"Shaded","section":"Shading Mode"},"sceneLighting":false,"audioPlay":false,"sceneViewState":{"showFog":true,"showMaterialUpdate":false,"showSkybox":true,"showFlares":true,"showImageEffects":true,"showParticleSystems":true},"in2DMode":false,"pivot":{"x":6.532400608062744,"y":-4.067900657653809,"z":9.37384033203125},"rotation":{"x":-0.6974876523017883,"y":0.0016405138885602356,"z":-0.0017704921774566174,"w":-0.7167038917541504},"size":36.176025390625,"orthographic":false}