{"cameraMode":{"drawMode":0,"name":"Shaded","section":"Shading Mode"},"sceneLighting":false,"audioPlay":false,"sceneViewState":{"showFog":true,"showMaterialUpdate":false,"showSkybox":false,"showFlares":true,"showImageEffects":true,"showParticleSystems":true},"in2DMode":false,"pivot":{"x":0.0,"y":0.6351557374000549,"z":-1.4901161193847657e-8},"rotation":{"x":0.0700480118393898,"y":0.913753867149353,"z":-0.17836813628673554,"w":0.3583954870700836},"size":1.9270989894866944,"orthographic":false}